id,title,filename,system,content_len,domain_term_count,dtc_count,metadata_key_count,embedding_norm,pca_1,pca_2,pca_radius
e2fa8edd-5acc-43b0-bd52-3b2836007f7e,BMS故障码与数据流_维修诊断手册.pdf,BMS故障码与数据流_维修诊断手册.pdf,快充/慢充,900,8,4,9,0.9999999295752618,-0.19304635631697803,0.04874198784463731,0.19910468871000606
2c2178a3-7436-421b-b8b0-da6cbaf75d81,BMS故障码与数据流_维修诊断手册.pdf,BMS故障码与数据流_维修诊断手册.pdf,快充/慢充,900,11,5,8,0.9999999437082674,0.017875173524675506,-0.034398546085674296,0.03876572972801517
d9b9b1ab-0754-43cb-a3f4-0077598a411e,BMS故障码与数据流_维修诊断手册.pdf,BMS故障码与数据流_维修诊断手册.pdf,快充/慢充,900,11,1,9,1.000000067591974,0.00015283104258414796,-0.13236811398642787,0.13236820221507709
7a7360a8-e651-44f5-a90d-6ad34337d2e9,BMS故障码与数据流_维修诊断手册.pdf,BMS故障码与数据流_维修诊断手册.pdf,BMS/电池,900,8,2,9,1.0000000612338644,0.046181150758451396,0.06113582341155912,0.07661780204093664
9e6134f4-7c57-460f-8cec-278cf8237696,BMS故障码与数据流_维修诊断手册.pdf,BMS故障码与数据流_维修诊断手册.pdf,BMS/电池,871,7,2,8,0.9999999402251695,0.052120909098713177,0.012216971836056516,0.053533574195259184
77281744-d1f3-47e8-bbba-811ca0948d78,OBC与DCDC转换器_维修诊断手册.pdf,OBC与DCDC转换器_维修诊断手册.pdf,快充/慢充,900,10,3,9,0.9999999778159517,0.058216901967147995,-0.10144396355041725,0.11696189728057127
6a044603-4eeb-4df3-acb2-1203f4f34a16,OBC与DCDC转换器_维修诊断手册.pdf,OBC与DCDC转换器_维修诊断手册.pdf,快充/慢充,900,11,5,8,0.999999983361656,0.2584470273301549,-0.1493566299431234,0.298500031564087
42e5b269-5056-4e35-8cec-ac18fe8ec29f,OBC与DCDC转换器_维修诊断手册.pdf,OBC与DCDC转换器_维修诊断手册.pdf,快充/慢充,900,8,2,9,0.9999999895880717,0.1969233801521742,-0.08586867931806633,0.21483074207009253
d4dcbe48-d79c-4e1b-9d8d-0d6525d5a936,OBC与DCDC转换器_维修诊断手册.pdf,OBC与DCDC转换器_维修诊断手册.pdf,快充/慢充,900,11,2,9,1.0000000372798572,0.20606314229739253,-0.22346912685388096,0.3039744549634251
74abc81a-70b8-40bf-bdf9-7efdbe340fb1,OBC与DCDC转换器_维修诊断手册.pdf,OBC与DCDC转换器_维修诊断手册.pdf,快充/慢充,900,14,1,8,1.0000000373253644,0.2581250750388928,-0.2538675467613706,0.3620459717528573
47f04690-45eb-46d7-bb17-7164cca0d059,OBC与DCDC转换器_维修诊断手册.pdf,OBC与DCDC转换器_维修诊断手册.pdf,快充/慢充,342,8,0,7,1.0000000558971964,0.3285492537268358,-0.2100493081976198,0.3899555410540532
ea58e1ab-591b-44a4-9ab0-d7b285c5e8a0,事故车涉水车高压安全检查_维修诊断手册.pdf,事故车涉水车高压安全检查_维修诊断手册.pdf,快充/慢充,900,12,2,9,1.0000000236562505,-0.3861743767426064,0.042993205844471645,0.3885602462956364
d6ec6385-a7e6-4240-9938-59c664594d21,事故车涉水车高压安全检查_维修诊断手册.pdf,事故车涉水车高压安全检查_维修诊断手册.pdf,快充/慢充,315,7,0,6,1.0000000672556995,-0.24745312863524033,0.04659626259034685,0.25180203048974276
b840e045-3f1a-4653-bedb-488a2759261e,事故车涉水车高压安全检查_维修诊断手册.pdf,事故车涉水车高压安全检查_维修诊断手册.pdf,快充/慢充,900,11,4,8,1.0000000151309036,-0.25801162693507174,-0.06984357840140977,0.2672978209368653
30b7d3a1-dd86-4583-b82f-47c3df356adb,事故车涉水车高压安全检查_维修诊断手册.pdf,事故车涉水车高压安全检查_维修诊断手册.pdf,快充/慢充,900,10,4,9,1.0000000099873576,-0.23719972331633657,-0.029933131298785193,0.23908095091557782
b3b70c72-3c09-4771-ae53-4f8c5494912a,事故车涉水车高压安全检查_维修诊断手册.pdf,事故车涉水车高压安全检查_维修诊断手册.pdf,快充/慢充,900,13,3,9,1.0000000065584844,-0.22178184496772138,-0.024892219815253115,0.22317439226895472
5708dd9a-b0fd-45e8-b90f-593b66b5b081,事故车涉水车高压安全检查_维修诊断手册.pdf,事故车涉水车高压安全检查_维修诊断手册.pdf,快充/慢充,900,15,5,8,1.000000005174233,-0.2897866109268729,0.04546145715289325,0.29333091204124256
c29b55fa-9759-4ce5-8d0e-faef3953dd7a,仪表报警与用户故障现象对照_维修诊断手册.pdf,仪表报警与用户故障现象对照_维修诊断手册.pdf,快充/慢充,844,15,2,8,1.0000000963683553,0.10824267474877773,-0.27853517394446475,0.2988282445838126
eff3d7e2-e618-471a-b32f-4d78f22f5aa9,仪表报警与用户故障现象对照_维修诊断手册.pdf,仪表报警与用户故障现象对照_维修诊断手册.pdf,快充/慢充,900,13,5,9,0.9999999946171269,0.11935200843868464,-0.0989083685348852,0.15500892646741515
1ad25cca-ac1f-4565-a165-fc75e227f591,仪表报警与用户故障现象对照_维修诊断手册.pdf,仪表报警与用户故障现象对照_维修诊断手册.pdf,BMS/电池,900,11,4,9,1.0000000286753594,-0.07985013394463851,0.1512163447395179,0.17100417190044642
db55a191-e2ed-4315-b902-858289eeb178,仪表报警与用户故障现象对照_维修诊断手册.pdf,仪表报警与用户故障现象对照_维修诊断手册.pdf,快充/慢充,900,14,13,8,0.999999984147136,0.12232013755176883,0.25771359606585886,0.2852691950559687
77944b26-ad05-4cc8-aa79-f0d16a481897,仪表报警与用户故障现象对照_维修诊断手册.pdf,仪表报警与用户故障现象对照_维修诊断手册.pdf,快充/慢充,900,10,0,8,1.0000000593448495,-0.10900738264488438,0.11466286542199727,0.15820929864540612
bf070475-9eec-4401-adc9-8976690da72f,低压供电与唤醒故障_维修诊断手册.pdf,低压供电与唤醒故障_维修诊断手册.pdf,快充/慢充,900,8,4,8,1.0000000307771293,0.1303792112053878,0.08834211468824338,0.15748989790500809
63356afa-f73a-4a2c-89a8-5d277781ce90,低压供电与唤醒故障_维修诊断手册.pdf,低压供电与唤醒故障_维修诊断手册.pdf,BMS/电池,900,10,3,9,1.000000021083612,0.07751016022683052,0.1589724744040851,0.17686173287782306
9d79ac12-4e5a-4df0-94f8-c73768de80a7,低压供电与唤醒故障_维修诊断手册.pdf,低压供电与唤醒故障_维修诊断手册.pdf,快充/慢充,900,7,1,9,1.000000094269531,0.0802259248546901,-0.05123088001909134,0.095188245526015
4132802d-ecbe-458e-ba2a-7dd5f5379030,低压供电与唤醒故障_维修诊断手册.pdf,低压供电与唤醒故障_维修诊断手册.pdf,BMS/电池,695,6,0,7,0.9999999350614953,0.08536391525117401,-0.033511206654737634,0.09170604668431712
9ddd7ed5-4319-4d00-8c35-29b7b957d41b,低压供电与唤醒故障_维修诊断手册.pdf,低压供电与唤醒故障_维修诊断手册.pdf,快充/慢充,900,10,0,8,1.0000000008360306,-0.020531356471727918,0.09796066357217861,0.10008910133511403
a4a0a786-c040-4b3e-8390-488142c7b920,快充慢充系统_维修诊断手册.pdf,快充慢充系统_维修诊断手册.pdf,快充/慢充,900,10,2,8,1.000000041881962,0.03029549246595976,-0.24185041354090314,0.24374051652046053
b4b10bbb-435b-4779-ad91-3fd579a6279f,快充慢充系统_维修诊断手册.pdf,快充慢充系统_维修诊断手册.pdf,快充/慢充,900,12,1,9,1.000000002389849,-0.11969359715157764,-0.08758091444221754,0.14831376798402493
d2606af9-43f9-4fc3-90e8-88a73f20436c,快充慢充系统_维修诊断手册.pdf,快充慢充系统_维修诊断手册.pdf,快充/慢充,900,11,5,8,1.0000000122124948,0.12412997859586442,-0.13439792730691005,0.18295096187394927
3b00f91b-0bf1-4e6d-a498-0eed538259b2,快充慢充系统_维修诊断手册.pdf,快充慢充系统_维修诊断手册.pdf,快充/慢充,900,7,2,9,1.0000000365619128,0.07724294235536637,-0.15422911966608094,0.17249085047239104
35c3c52e-b4e6-49d4-9551-de8d8b85f605,快充慢充系统_维修诊断手册.pdf,快充慢充系统_维修诊断手册.pdf,快充/慢充,900,10,2,9,0.9999999992201954,0.09707979174654198,-0.2305922155138814,0.2501944360315638
be95807d-6b0a-4c3b-b616-89c10fe121c8,快充慢充系统_维修诊断手册.pdf,快充慢充系统_维修诊断手册.pdf,快充/慢充,439,10,1,8,1.0000000867997574,0.07830518295290165,-0.20359100150872947,0.2181306892040065
c51ab8c7-9fb6-4b19-ab9f-9ed6d65ea2a4,整车控制器VCU与CAN通讯_维修诊断手册.pdf,整车控制器VCU与CAN通讯_维修诊断手册.pdf,通信/控制,193,3,0,5,0.9999999683230226,0.19703895859995119,0.38705234601515676,0.43432000847530605
40d6d9fe-9115-4102-9456-8b1061e012ea,整车控制器VCU与CAN通讯_维修诊断手册.pdf,整车控制器VCU与CAN通讯_维修诊断手册.pdf,快充/慢充,900,11,3,9,0.9999999417715257,0.026654125222220847,0.38485885608597886,0.38578074277906876
ddb94d5f-5c13-4eae-8142-c51c71bc1e0b,整车控制器VCU与CAN通讯_维修诊断手册.pdf,整车控制器VCU与CAN通讯_维修诊断手册.pdf,快充/慢充,900,10,5,8,1.0000000464489665,0.2047971374092282,0.4437552372064887,0.48873364733687136
d443b2a3-2dee-4426-8af1-fdf1eb017f3e,整车控制器VCU与CAN通讯_维修诊断手册.pdf,整车控制器VCU与CAN通讯_维修诊断手册.pdf,BMS/电池,900,5,4,9,1.0000000094229524,0.14017377347914575,0.36888373092263027,0.3946186687306904
48e1b53f-ff8b-478e-baa8-10e102827b1b,整车控制器VCU与CAN通讯_维修诊断手册.pdf,整车控制器VCU与CAN通讯_维修诊断手册.pdf,快充/慢充,900,7,4,9,1.0000000060985281,0.13985047070245285,0.29820824361323417,0.32937260164529114
60db25da-c903-49d3-a55d-4ab620735120,整车控制器VCU与CAN通讯_维修诊断手册.pdf,整车控制器VCU与CAN通讯_维修诊断手册.pdf,快充/慢充,900,8,1,8,1.0000000188200344,0.20114236175256436,0.3274980657162467,0.3843347925172564
641951dc-7c81-4a9d-82dd-42965d4541aa,新能源汽车典型维修案例库_维修诊断手册.pdf,新能源汽车典型维修案例库_维修诊断手册.pdf,快充/慢充,900,14,3,8,0.9999999155336343,0.013275760907524086,-0.1056895745887075,0.1065201014100893
12a5367f-1f36-41f0-9bee-38636072d4f0,新能源汽车典型维修案例库_维修诊断手册.pdf,新能源汽车典型维修案例库_维修诊断手册.pdf,快充/慢充,900,13,4,8,0.9999999605711293,-0.0323796732569186,-0.11516313656802456,0.11962855538879623
ec52a206-6054-4f42-9b06-4f38426a42be,新能源汽车典型维修案例库_维修诊断手册.pdf,新能源汽车典型维修案例库_维修诊断手册.pdf,快充/慢充,900,16,5,8,1.0000000603552355,-0.07674675350197843,-0.009296479589974569,0.07730775320664968
7d385574-7a11-4b05-97a7-0b4536a0014f,新能源汽车典型维修案例库_维修诊断手册.pdf,新能源汽车典型维修案例库_维修诊断手册.pdf,快充/慢充,900,20,10,8,1.0000000300375536,0.011130954025488337,-0.04154229591179947,0.0430076793973012
7bb911d9-199d-4bdf-87c2-af668c21e279,新能源汽车典型维修案例库_维修诊断手册.pdf,新能源汽车典型维修案例库_维修诊断手册.pdf,快充/慢充,900,17,4,9,1.0000000925642485,-0.21911441113230623,0.027043277536681044,0.22077695537755582
ee6d4772-b901-4484-b97b-519d22b8501d,新能源汽车典型维修案例库_维修诊断手册.pdf,新能源汽车典型维修案例库_维修诊断手册.pdf,快充/慢充,482,12,3,7,1.0000000288328457,0.08518063601207752,-0.1481700927162376,0.17090967534624973
a5d33c12-9f28-4814-8712-54eddb8e888f,新能源汽车典型维修案例库_维修诊断手册.pdf,新能源汽车典型维修案例库_维修诊断手册.pdf,快充/慢充,900,14,7,8,1.0000000743250874,0.23117749069244656,0.12736410446089697,0.2639406132219566
2c302d86-a679-4748-bb7e-fc5577951900,热管理系统_维修诊断手册.pdf,热管理系统_维修诊断手册.pdf,快充/慢充,900,12,3,9,0.9999999248131748,-0.15189356166316273,0.014946326227766359,0.15262714942770778
8c8a8b65-24f1-45f1-aad0-a6aedd90bbbe,热管理系统_维修诊断手册.pdf,热管理系统_维修诊断手册.pdf,快充/慢充,900,7,5,9,0.9999999669821692,0.19140133963543304,-0.09759272347081287,0.21484602041622494
f0da3113-87a4-431b-8a68-961b2c772d96,热管理系统_维修诊断手册.pdf,热管理系统_维修诊断手册.pdf,快充/慢充,900,7,1,9,0.9999999721042048,0.09069410177795478,-0.20863629399342645,0.22749620495432774
f75df950-98b7-4aa9-b05b-c5ce33a6a439,热管理系统_维修诊断手册.pdf,热管理系统_维修诊断手册.pdf,快充/慢充,900,9,2,9,1.0000000264364866,0.152285570614643,-0.10660106595478538,0.18588889767848946
aa98b4d2-871e-468e-934a-2529b262e739,热管理系统_维修诊断手册.pdf,热管理系统_维修诊断手册.pdf,快充/慢充,531,7,1,8,0.9999999755945543,0.12630490883930406,-0.24419627239276978,0.27492680743686804
9de6dde5-7a2a-45b6-8c67-c260cf0138e0,驱动电机与MCU_维修诊断手册.pdf,驱动电机与MCU_维修诊断手册.pdf,BMS/电池,678,7,3,8,1.0000000117147647,0.18059543737699418,0.07287708536460426,0.19474542760390456
97758a26-f08b-43b6-bb97-0b571fa1403d,驱动电机与MCU_维修诊断手册.pdf,驱动电机与MCU_维修诊断手册.pdf,BMS/电池,900,7,2,9,1.0000000058380552,0.15803856873768515,0.11696413499356319,0.19661332122582262
27654e42-b9f1-4c0e-abcf-92f60f5d1f73,驱动电机与MCU_维修诊断手册.pdf,驱动电机与MCU_维修诊断手册.pdf,电驱/热管理,900,5,1,9,1.000000052094778,0.2095842095704746,0.09444670101089299,0.22988197022194157
3545e3d7-f3bb-41e7-a139-14dc11f61341,驱动电机与MCU_维修诊断手册.pdf,驱动电机与MCU_维修诊断手册.pdf,BMS/电池,900,10,5,9,0.999999950683051,0.24308338056079484,0.1802692177345696,0.3026326498702641
ed371469-16fb-4e32-be4f-d87e7b1a8634,驱动电机与MCU_维修诊断手册.pdf,驱动电机与MCU_维修诊断手册.pdf,BMS/电池,900,9,3,9,0.9999999637940188,-0.06412205151353675,0.19971295075449125,0.20975438062021615
48a77f1b-1769-421e-998a-5c839e2f78a3,高压互锁HVIL与绝缘故障_维修诊断手册.pdf,高压互锁HVIL与绝缘故障_维修诊断手册.pdf,BMS/电池,219,7,0,7,1.0000000172070305,-0.21336206182002654,0.08012294944826527,0.227910193831654
a1730298-1671-4ad8-9327-905f9d60f848,高压互锁HVIL与绝缘故障_维修诊断手册.pdf,高压互锁HVIL与绝缘故障_维修诊断手册.pdf,快充/慢充,900,12,2,9,1.0000000575136612,-0.3779472752909778,0.0993584707230104,0.3907892636758199
4ac0b4a9-48d8-4acc-81a2-7cc060f266c3,高压互锁HVIL与绝缘故障_维修诊断手册.pdf,高压互锁HVIL与绝缘故障_维修诊断手册.pdf,快充/慢充,900,11,5,8,1.0000000516146077,-0.2071361143873139,0.052283101210806614,0.21363261117089274
9486d5c5-9281-4181-b3ff-97985e7c4033,高压互锁HVIL与绝缘故障_维修诊断手册.pdf,高压互锁HVIL与绝缘故障_维修诊断手册.pdf,快充/慢充,900,12,2,9,1.0000000023894189,-0.19638892696332289,-0.017192898697017726,0.19714006797049474
ed7061ae-dcc4-45e9-ba15-ac7cba56cf83,高压互锁HVIL与绝缘故障_维修诊断手册.pdf,高压互锁HVIL与绝缘故障_维修诊断手册.pdf,快充/慢充,900,11,2,9,0.9999999967040561,-0.23934325823019495,-0.009571251612600116,0.23953455725151118
5966eed2-733c-433e-a4c5-5621e51fbdab,高压互锁HVIL与绝缘故障_维修诊断手册.pdf,高压互锁HVIL与绝缘故障_维修诊断手册.pdf,快充/慢充,900,10,2,8,1.000000035419069,-0.1911441239356666,0.0031379731874908337,0.19116987992583687
4144529f-4e06-49f5-bb54-a8cc365b1eef,高压电池系统_维修诊断手册.pdf,高压电池系统_维修诊断手册.pdf,快充/慢充,900,8,4,9,1.0000000562961728,-0.35467212863331593,0.019678169865299872,0.3552176082326649
08321f7b-8d96-4663-8366-4046f715d7d4,高压电池系统_维修诊断手册.pdf,高压电池系统_维修诊断手册.pdf,快充/慢充,900,10,5,8,0.9999999827990436,-0.15054693300246752,-0.014575171220587848,0.15125083355988123
79cf990e-d3df-4178-a26a-be43e25a9e0f,高压电池系统_维修诊断手册.pdf,高压电池系统_维修诊断手册.pdf,快充/慢充,900,9,2,9,0.9999999826161299,-0.18131962511815772,-0.09921063675530428,0.20668709901293353
42e783a9-1afd-4823-8e11-91e32df0eb9a,高压电池系统_维修诊断手册.pdf,高压电池系统_维修诊断手册.pdf,快充/慢充,900,9,2,9,0.9999999395626789,-0.12444294577421613,-0.18281612854220397,0.22115104252099774
5fa4cef4-d883-44cd-acfb-c0e385c1160a,高压电池系统_维修诊断手册.pdf,高压电池系统_维修诊断手册.pdf,快充/慢充,900,10,3,8,1.0000000136015692,-0.11996143147497576,-0.14520573654102975,0.18834927917554728
2941114b-8df3-4289-bd9f-6da09b82c726,高压电池系统_维修诊断手册.pdf,高压电池系统_维修诊断手册.pdf,快充/慢充,508,10,3,8,1.0000000060609657,-0.09245403749515853,-0.049096885750708044,0.10468167575834014
